original_itemID,indexed_itemID
3301,1
24300865411,2
922,3
98000100356,4
312546627499,5
17082885852,6
72030023717,7
821,8
52000707786,9
125,10
77170122429,11
7013,12
18200967214,13
18200610479,14
11000000037,15
72030011912,16
34100573416,17
200,18
3302,19
26200101439,20
88,21
71990170370,22
12000001130,23
77170119979,24
11000002871,25
496,26
83,27
75767200246,28
609249902023,29
34100576363,30
684746400067,31
34100003876,32
88004041847,33
41548825533,34
52000047905,35
41780190291,36
823,37
74804071887,38
921,39
49000007640,40
3303,41
70847898245,42
73100008764,43
611269332827,44
73390055165,45
883315090276,46
70847017707,47
609249902016,48
12000016431,49
12000001291,50
70847811169,51
12000030284,52
42100008715,53
70847811244,54
28200003638,55
609249901033,56
73100001079,57
77900118562,58
613008756482,59
811374039707,60
71700139215,61
12000005596,62
12000003622,63
613008756420,64
73010214095,65
71700040214,66
26200117508,67
90600000845,68
90600000692,69
90600000166,70
78908222367,71
71421110005,72
400,73
850016944214,74
858176002324,75
70847898146,76
76183323786,77
49000053418,78
855712008789,79
41780271839,80
240,81
7214,82
18200250019,83
12000001314,84
40000592785,85
611269001624,86
611269818994,87
3304,88
44000047009,89
29000074460,90
27086184325,91
757528046361,92
48500205983,93
71700023019,94
26100005752,95
30100125181,96
12000002243,97
18200059902,98
38000282584,99
62067051623,100
12000002946,101
78800113954,102
609249920225,103
635985245957,104
29000075399,105
305730169202,106
815154021418,107
714433016131,108
71990000486,109
12000809941,110
18200532184,111
49000072389,112
8421440184,113
28200003843,114
18200250132,115
840045200696,116
11000002918,117
5290,118
18200069918,119
635985802891,120
76840100477,121
70847894087,122
788434106757,123
34000002290,124
42100002942,125
7244,126
38000848940,127
78800113923,128
810030512257,129
44000029524,130
784762071002,131
714433016469,132
714433016285,133
609249903020,134
71990480240,135
24300807657,136
635985100164,137
3305,138
71990320003,139
80,140
41311121046,141
12000221514,142
76183323571,143
829274454186,144
49000000443,145
295,146
75720000616,147
77900513725,148
87692019046,149
762446493555,150
883990651205,151
28400769655,152
613008756468,153
818094005746,154
93,155
12000286223,156
40000004608,157
86400000222,158
75767200697,159
49000072372,160
801,161
24300837869,162
889392021417,163
84114032607,164
26200392905,165
52000135190,166
11000000631,167
62110954727,168
18200004261,169
34000000357,170
76840100583,171
71537060348,172
78000033519,173
28400770569,174
90600000852,175
25900207465,176
78000013283,177
18200008016,178
810085816898,179
611269113570,180
78000152463,181
608707004798,182
76940297046,183
819721011772,184
12000002977,185
76183323632,186
714433016391,187
76183323748,188
714433016452,189
888849011308,190
308,191
38000845253,192
613008752200,193
786162040008,194
28400695688,195
482990113739,196
62110955281,197
34000002030,198
850251004087,199
11284003151,200
88004042011,201
78000040586,202
714433016476,203
12000027215,204
28400324427,205
11000000013,206
25000052224,207
842595121759,208
49000031171,209
24300781049,210
73100001215,211
850034597256,212
75720008513,213
18200250071,214
38000138430,215
613008748296,216
25000061516,217
76183328507,218
7198,219
12000028625,220
611269003109,221
78000038880,222
34000007677,223
71990300654,224
28400770088,225
44000031930,226
35400000633,227
5258,228
62067380624,229
76940297091,230
858176002331,231
34000531042,232
12000024528,233
91925960166,234
714433016261,235
610764000316,236
28400770590,237
613008756444,238
611269991000,239
714433016445,240
24300865954,241
28400516679,242
786162001511,243
714433016322,244
88004041861,245
16000515284,246
34856050988,247
73390055530,248
34100003234,249
18200258787,250
40000002635,251
28200003614,252
70970475337,253
11000000020,254
87692832317,255
25900227432,256
24300841354,257
804879110811,258
31700049952,259
714433016407,260
611269003123,261
3306,262
52000707793,263
635985132196,264
684746355107,265
38000281426,266
12000172526,267
12000130274,268
42100009101,269
609249903419,270
71990480455,271
87692751342,272
28200318527,273
719410760014,274
635985801993,275
40000002239,276
52000013580,277
810113830247,278
883990881206,279
1113,280
883990661846,281
89,282
613008756437,283
49000067934,284
71990300784,285
714433016421,286
28000515751,287
90600000760,288
29000330153,289
90600000777,290
889392010190,291
28200009548,292
72030025056,293
11000001737,294
40000422082,295
87692831341,296
81,297
41364087306,298
819979011029,299
857496006166,300
12000813313,301
12000286209,302
75767002352,303
52000047912,304
858176002843,305
24300041013,306
52000041538,307
684746800416,308
40000574576,309
12000001345,310
28400768252,311
635985802150,312
70310307014,313
71700140013,314
49000079364,315
72554159725,316
70847898375,317
602652176517,318
810687014852,319
28400769136,320
34000214624,321
610764863652,322
41116005954,323
722252161093,324
17082889638,325
366715970916,326
41433009543,327
3081,328
144,329
75720431151,330
722252160195,331
134,332
815154025454,333
611269002522,334
70847012474,335
611269002263,336
44000032197,337
52000707779,338
894700010045,339
87692172314,340
10700703651,341
855022005171,342
635985129981,343
22000008985,344
34100003555,345
62110956516,346
40000595335,347
70847003229,348
62110954734,349
34000003303,350
815154021906,351
611269321210,352
52000135152,353
29000022157,354
860,355
47995855086,356
12000811319,357
44000069919,358
611269002614,359
49000067927,360
74488444410,361
26200464640,362
842595106596,363
28200003232,364
855022005294,365
70137000181,366
62110955588,367
75720000043,368
66,369
78000083408,370
18200530470,371
29000021112,372
24300865404,373
26200171302,374
714433015851,375
889392010015,376
52000054996,377
70847031918,378
90600000111,379
17082883919,380
608707687526,381
635985010371,382
11000002888,383
657227000339,384
78908222374,385
888109010522,386
24300865664,387
12300197410,388
51000138033,389
70847812715,390
34100008208,391
87692011682,392
11000002932,393
49000079357,394
78000082401,395
76183323564,396
78000013528,397
610764863775,398
714433016193,399
78000052404,400
85000007457,401
754527012281,402
86,403
714433016339,404
611269133448,405
819913011429,406
613008721770,407
87692012825,408
28200009630,409
613008727000,410
28400259897,411
786162150004,412
855022005188,413
41419781937,414
17082879844,415
14113910132,416
75720334117,417
12000191435,418
889392000597,419
71990301033,420
482990113128,421
635985132158,422
24300865718,423
611269002065,424
811620020633,425
16000439894,426
5292,427
12000384196,428
24300806704,429
24300781087,430
635985245834,431
70085060121,432
28200003577,433
12000161995,434
819913011740,435
24300865107,436
26200231877,437
151,438
34000412013,439
70847027324,440
923,441
611269002126,442
18200864186,443
11000000044,444
861,445
610764863812,446
613008756475,447
11000002833,448
889392010176,449
786162070005,450
75767002185,451
76183003107,452
34100007805,453
818094005791,454
87692752318,455
635985100331,456
90500000938,457
307660746706,458
52000047042,459
13000006408,460
71990480080,461
28400768207,462
49000558739,463
22000019233,464
840245600418,465
70847033080,466
98000100431,467
73390000110,468
34000116416,469
635985802143,470
28400064088,471
840245600425,472
28400705684,473
633622300557,474
7173,475
852480007822,476
857496006173,477
609249902412,478
16571953829,479
849205022222,480
28200004017,481
71990300692,482
889392000863,483
70847811268,484
90600000326,485
611269001921,486
91428267014,487
52300005407,488
25900226930,489
49000060423,490
28200004239,491
31700049495,492
28400705721,493
24300865909,494
34000002207,495
719410200015,496
76183003282,497
786162338006,498
78000005868,499
99900908363,500
86400000888,501
22000006677,502
12000046445,503
850009942432,504
90500000389,505
18200000638,506
91925960111,507
918084,508
28400152242,509
722252101204,510
722252601414,511
34000473632,512
40000578048,513
810028295988,514
635985800828,515
611269001280,516
21000002320,517
70310000113,518
44000006785,519
77817107307,520
49000077858,521
14100049630,522
76183323649,523
70847020905,524
49000079319,525
482990113470,526
85264311000,527
850027410005,528
28400742351,529
49000040869,530
17082889669,531
28400596688,532
12300000949,533
889392010145,534
24300841996,535
16000442825,536
28400084048,537
757528048075,538
815154020077,539
86753,540
609249923042,541
635985010128,542
12000151095,543
70662404027,544
28400742443,545
78000053401,546
851133006823,547
26100005738,548
12000043000,549
12000004520,550
754527011055,551
842595109368,552
87692018100,553
7562,554
24300841972,555
29000074361,556
70847898320,557
28200007919,558
44000080419,559
34000004409,560
83900005771,561
23100015279,562
49000079401,563
482990113098,564
40901007012,565
24300867613,566
88004040888,567
28400769181,568
609249907028,569
16000172616,570
38000310317,571
714433016483,572
62067049507,573
40000006039,574
34100000073,575
41116005275,576
41780272096,577
28400516310,578
611269546026,579
482990113708,580
90600000173,581
684746385104,582
12000140006,583
26100005769,584
28200004772,585
12000110467,586
89924600244,587
818094005890,588
28000276393,589
850015661310,590
786162004857,591
30100125211,592
889392000313,593
78800110885,594
855022005300,595
29000012578,596
62067049422,597
24300781162,598
34000005246,599
18200089893,600
635985802136,601
606905192019,602
28200003034,603
555,604
635985801986,605
610764826176,606
78000019339,607
73100000362,608
611269182460,609
876,610
34000008438,611
12000001802,612
853759000124,613
26200117003,614
888109010102,615
40000004325,616
714433015882,617
28200004789,618
611269101713,619
72554218606,620
855022005386,621
784259075346,622
41419420065,623
62067049538,624
855022005348,625
70847890805,626
18200250040,627
12300000932,628
714433015974,629
29000019997,630
719410730017,631
31700049556,632
28400325042,633
12000042836,634
754527011710,635
40901007074,636
40000441489,637
810146580836,638
28400324212,639
28200003645,640
613008756505,641
842595134957,642
482990113432,643
70847029014,644
889392021394,645
16000180932,646
840530132228,647
24300865916,648
18200530302,649
855022005249,650
26100005776,651
52000044034,652
52000043143,653
28200004659,654
49000000450,655
40000004318,656
850027410258,657
38000359217,658
12000140709,659
611269163452,660
47995855055,661
852480007112,662
12000161155,663
49000028201,664
10700807274,665
815154023269,666
85264272226,667
49000023923,668
18000134120,669
613008756499,670
34000430956,671
609249900043,672
28000772123,673
889392003628,674
41262287259,675
34100008710,676
840045201297,677
815154026772,678
12000170751,679
889392000917,680
44000002107,681
784762071026,682
22000008916,683
73390026349,684
714433016117,685
78000152456,686
49000079395,687
19000085047,688
78800115057,689
635985260899,690
893919001103,691
49000023190,692
34000004805,693
40000583547,694
79200060695,695
18200089817,696
657227000247,697
714433016124,698
858176002317,699
642860900245,700
30100125150,701
30100211488,702
883990661006,703
611269003048,704
83783375503,705
609249904010,706
635985258759,707
850016944306,708
41789007071,709
12546011440,710
89924532491,711
611269001648,712
816012010216,713
850000429116,714
52000042320,715
761706130032,716
73100003196,717
52000047493,718
70330618534,719
72554218903,720
71990300302,721
52000042740,722
613008751180,723
613008751302,724
28400769075,725
34000003204,726
889392000900,727
83900005757,728
78000152401,729
79083000061,730
52000104110,731
12000002335,732
840170618083,733
305730701129,734
83791150055,735
70847891857,736
786162411884,737
714433016186,738
611269235685,739
5257,740
714433015950,741
41262287556,742
8021,743
99900001477,744
49000026566,745
40000000310,746
34100303440,747
25000119996,748
17082600035,749
28400200608,750
842595121766,751
12000171758,752
18200860317,753
70330647763,754
25000061530,755
611269546019,756
609249923035,757
849205032108,758
819721012045,759
78000082463,760
784762071071,761
784762071057,762
34100003760,763
635985802525,764
42100005431,765
28200007841,766
613008751241,767
40000004356,768
22100000742,769
42238377554,770
784762071088,771
20400000356,772
28200007346,773
70330600065,774
20400000349,775
28400769266,776
850009942296,777
611269716467,778
25600001325,779
18200005732,780
714433016315,781
41271025620,782
87692020370,783
714433015981,784
28200005656,785
49000079371,786
28400005753,787
11284003168,788
11284003069,789
889392001341,790
786162080004,791
34000214617,792
4913,793
52000135169,794
41780190130,795
70330622401,796
761706150191,797
51721056333,798
28200009531,799
12000161230,800
51721056340,801
889392001327,802
19000083449,803
75767002260,804
714433016414,805
26100005783,806
11000004066,807
810085812180,808
38000590993,809
610764028495,810
719410720018,811
44000006778,812
78800330467,813
70662026021,814
38000317316,815
75767450108,816
70847898405,817
22000015969,818
786162002969,819
34000002405,820
78000206463,821
28200009647,822
48500206034,823
40000000327,824
70462035964,825
819721010638,826
90500000716,827
34100573409,828
849806001169,829
761706190302,830
635985548904,831
71007031694,832
49000047547,833
18200008337,834
71990170462,835
840045200870,836
28400240185,837
34100000165,838
842595134964,839
850027410128,840
888109010041,841
71990480196,842
635985802075,843
71700050411,844
21000055166,845
34500151368,846
300450449153,847
70137100188,848
714433016032,849
849806000957,850
89924278986,851
25900205355,852
44500000368,853
883315090269,854
24300837340,855
85264043703,856
28200009524,857
746025602422,858
78000037678,859
49000050103,860
75767600381,861
694411002526,862
855022005232,863
44000006792,864
41419714751,865
38000311314,866
22224200691,867
26200461724,868
810028297739,869
12000110443,870
28400026864,871
44000036584,872
40000004011,873
72250020381,874
11000000006,875
52000135145,876
34000002399,877
49000050110,878
26200471594,879
28000065812,880
810128528191,881
12000171741,882
70847024026,883
73100000607,884
12000018800,885
78000206401,886
79200060688,887
754527010706,888
16000160101,889
28400331791,890
28200004246,891
70330639232,892
73100004575,893
25900207489,894
872181000540,895
49000005226,896
46100353530,897
88004049966,898
714433016384,899
70330651234,900
25900235475,901
25000052002,902
25000058028,903
90500000594,904
68274934711,905
70847896180,906
74460000078,907
635985803096,908
635985802082,909
888109253134,910
70330668911,911
87692016144,912
714433015875,913
12000504051,914
62067033629,915
12000180323,916
12300200592,917
90600000104,918
12300000017,919
11000004073,920
12000504082,921
810028298941,922
889392001396,923
784762071118,924
842595129595,925
41780271877,926
76171527318,927
719410700010,928
41780003003,929
635985802013,930
87692015161,931
22000294869,932
70847898436,933
28400516914,934
83900005979,935
77170260220,936
52000104103,937
17082879820,938
80798422109,939
49000019162,940
842595131291,941
714433016308,942
26200463780,943
25900237684,944
888109010096,945
96404000067,946
609249906021,947
12300000031,948
888861302064,949
609249907011,950
482990113135,951
26100005721,952
26100007800,953
49000554175,954
31700049969,955
31700049709,956
78800115033,957
80660957159,958
42100011227,959
16000368309,960
22100001701,961
72250007658,962
49000557695,963
12000028496,964
7201,965
181526000016,966
76840485116,967
34100575090,968
850042638088,969
183,970
858176002546,971
49000079388,972
30223048275,973
51721056326,974
12000161162,975
73100002632,976
85264341007,977
70847812609,978
52000042313,979
22000008381,980
70847029427,981
70847021520,982
70310014837,983
24100191345,984
77170122696,985
119,986
840170600781,987
482990113159,988
22000159335,989
22000159342,990
41789001215,991
24300841989,992
609249906014,993
925,994
482990113487,995
16000126060,996
7564,997
26200117300,998
34000228089,999
2021,1000
24300781063,1001
16571953843,1002
28400201285,1003
90600000142,1004
556,1005
90500000518,1006
49578313211,1007
888109254971,1008
851015004367,1009
49000079333,1010
797884348181,1011
44000080884,1012
28400770699,1013
84114112484,1014
49000558753,1015
786162200433,1016
77975093917,1017
49000553611,1018
42100026481,1019
24100000258,1020
24300837968,1021
810085819097,1022
557,1023
52000328677,1024
7071,1025
842595111095,1026
855022005393,1027
18200239861,1028
18200970092,1029
840170601054,1030
12000809965,1031
840045201112,1032
28400000246,1033
41335081395,1034
810116123506,1035
38000138720,1036
635985800996,1037
876063002806,1038
855022005287,1039
28400516686,1040
76840100156,1041
12000183386,1042
15900060009,1043
761706080283,1044
52000135138,1045
12000009105,1046
820,1047
68274000065,1048
74329123382,1049
78000082166,1050
1241,1051
7288,1052
611269002539,1053
803,1054
7291,1055
73100000393,1056
76840100811,1057
7290,1058
70271003949,1059
842595133608,1060
28400516464,1061
34000470563,1062
609249901019,1063
54000200427,1064
70137105251,1065
73100000553,1066
7035,1067
852,1068
7074,1069
7090,1070
883426006166,1071
2022,1072
71700140419,1073
24300837852,1074
810113831381,1075
22000295644,1076
70960951568,1077
7557,1078
29000078628,1079
7080,1080
26200001296,1081
71330005614,1082
765171855544,1083
87692010753,1084
25900228859,1085
22000301253,1086
307660746805,1087
811620021425,1088
7289,1089
21000000227,1090
22000301284,1091
380,1092
853004004952,1093
635985800064,1094
78000026061,1095
52000135084,1096
714433016223,1097
609249903013,1098
935,1099
714433016087,1100
785,1101
26200140391,1102
85264316401,1103
802,1104
49000005240,1105
78000024395,1106
12300000239,1107
714433016292,1108
609249900425,1109
78800114500,1110
26200123455,1111
7304,1112
34000006533,1113
28400314015,1114
17082883896,1115
7433,1116
44000002114,1117
70330617667,1118
26100006575,1119
44700078594,1120
12300200608,1121
87692852315,1122
73390000165,1123
71610302792,1124
28400323857,1125
16000141551,1126
49000053432,1127
610764017819,1128
25900207427,1129
8157,1130
852480007860,1131
28400589291,1132
70970475368,1133
810117130268,1134
91752001056,1135
12000286179,1136
611269133455,1137
28400766982,1138
49200043509,1139
8158,1140
70662030028,1141
25155057051,1142
754527012076,1143
68213034519,1144
40000004059,1145
609249914026,1146
41388220611,1147
609249900036,1148
7171,1149
602652170560,1150
41570094754,1151
888109300029,1152
714433015615,1153
5298,1154
762446400003,1155
27200001859,1156
31700049716,1157
28400147408,1158
609249904027,1159
28400589864,1160
52000135282,1161
51000134592,1162
47995855093,1163
810607023117,1164
38100496218,1165
853759000278,1166
22110079806,1167
22100001572,1168
888109050047,1169
714433016353,1170
611269331240,1171
28400589321,1172
28400767217,1173
16571953867,1174
41419420089,1175
72250051071,1176
70462035988,1177
635985800262,1178
850042638002,1179
754527010218,1180
87076214593,1181
482990113722,1182
222,1183
613008752224,1184
41262287273,1185
41419420119,1186
5242,1187
71990300173,1188
22000017888,1189
70847000037,1190
855022005324,1191
850027880327,1192
810687014937,1193
40000424314,1194
815154020008,1195
49000068696,1196
41420016233,1197
49000026276,1198
714433015684,1199
689725000214,1200
25900207472,1201
12000003189,1202
888109253790,1203
52300004356,1204
643843717898,1205
34000002214,1206
77817107000,1207
79694222128,1208
41780190031,1209
71421579840,1210
72250903561,1211
855022005225,1212
79118958053,1213
76183323724,1214
888109254018,1215
811620021951,1216
80660956152,1217
87076215026,1218
75767200086,1219
842595131277,1220
813993005347,1221
42100011258,1222
72554111563,1223
70137111221,1224
786162010001,1225
27800053357,1226
17082883889,1227
815368021426,1228
77975022313,1229
16000214897,1230
40000584933,1231
852480007884,1232
22000005144,1233
849205023519,1234
80660956053,1235
635985802709,1236
12000101908,1237
70137111214,1238
16000204294,1239
22000292940,1240
714433016254,1241
70662030011,1242
784762071149,1243
765171855513,1244
71990300050,1245
997,1246
73390055035,1247
22000005120,1248
28400259613,1249
73390055202,1250
52000051575,1251
52000051537,1252
42100008869,1253
840045200757,1254
73100007699,1255
797884346187,1256
90500000730,1257
87692004905,1258
815154020183,1259
714433016377,1260
41780271761,1261
82592194152,1262
28400329453,1263
73100000881,1264
16571952839,1265
34000000098,1266
28400021869,1267
28200330628,1268
896887002202,1269
44700024584,1270
12000286193,1271
17082884008,1272
818094005814,1273
714433014892,1274
719410786007,1275
24300044311,1276
7286,1277
855712008000,1278
7069,1279
73100001482,1280
78800114555,1281
719410739003,1282
78800113961,1283
312546623682,1284
48500205990,1285
12000028458,1286
7287,1287
72999803535,1288
62067051500,1289
75767002017,1290
34000003129,1291
70847896159,1292
644480031101,1293
611269002140,1294
70662404034,1295
22224200707,1296
25900247140,1297
893919001301,1298
840170600637,1299
41780271709,1300
634418523488,1301
62067051531,1302
558,1303
49000037197,1304
28400768917,1305
10700702302,1306
47995855253,1307
40901038108,1308
5259,1309
38000845246,1310
25900235499,1311
300672039248,1312
71948901025,1313
74329123399,1314
41271025637,1315
482990113449,1316
43695097030,1317
41433009567,1318
855022005263,1319
26200140605,1320
44000028282,1321
77170510004,1322
28400259552,1323
31700055489,1324
77817168513,1325
366715971234,1326
714433015776,1327
41433009550,1328
71990100711,1329
71610301863,1330
38000183690,1331
815154020091,1332
37466000060,1333
784259071003,1334
12546676113,1335
35400000749,1336
611269001303,1337
34000252183,1338
888109050061,1339
28400034227,1340
44000060107,1341
24100315345,1342
78000054408,1343
70662030035,1344
28200002648,1345
22000006653,1346
12000202384,1347
29000027923,1348
29000074491,1349
44000006808,1350
850027410876,1351
77900513749,1352
12000001574,1353
889392021431,1354
842595129601,1355
28400769709,1356
16000214941,1357
635985067443,1358
850027880174,1359
52000241211,1360
810028293298,1361
28200003768,1362
7340,1363
34100012823,1364
851133006762,1365
28400751445,1366
714433016094,1367
642524109182,1368
22000004840,1369
19000083425,1370
26200115900,1371
78800330573,1372
70847022909,1373
28200008879,1374
17082000392,1375
52000042344,1376
31700051009,1377
16000196131,1378
840170600699,1379
44000075361,1380
75767002024,1381
71921823795,1382
24300807114,1383
611269001945,1384
49000018011,1385
40000580225,1386
888109253646,1387
28400200684,1388
611269623727,1389
18200612183,1390
52000050608,1391
762446440009,1392
24300041204,1393
16000107106,1394
38000000126,1395
29000022096,1396
855022005379,1397
28000231750,1398
797884345180,1399
71007142468,1400
840170618052,1401
11000002857,1402
3311,1403
70330000025,1404
8070,1405
90500000556,1406
7216,1407
7470,1408
12000016721,1409
28400325073,1410
28400327282,1411
49000557718,1412
88004044886,1413
74570016006,1414
613008768355,1415
366715970633,1416
853,1417
75767405542,1418
842595106619,1419
810687014913,1420
28400327305,1421
40000607830,1422
811374035587,1423
25900227449,1424
12000286186,1425
7161,1426
634418523501,1427
70137105299,1428
77900513336,1429
82592660152,1430
34000002993,1431
811620020398,1432
28400768054,1433
810030513827,1434
78000035308,1435
613008767372,1436
7034,1437
52000102413,1438
9800000524,1439
77900118593,1440
133,1441
842595134971,1442
26200140100,1443
28400331203,1444
71537060355,1445
635985100621,1446
71439457123,1447
31700049730,1448
28400759014,1449
840170618021,1450
44000003067,1451
18200250101,1452
22000017871,1453
76064003042,1454
610764863638,1455
27800073560,1456
840170618267,1457
786162411860,1458
17082010155,1459
810113830681,1460
70462098525,1461
26200140506,1462
83783375558,1463
757528050016,1464
44000029500,1465
889392001204,1466
26832100602,1467
38000138577,1468
28400768269,1469
70847891994,1470
28400767125,1471
18200110306,1472
73100003141,1473
180,1474
241,1475
30223035374,1476
26200391908,1477
12300000079,1478
75767020639,1479
41780190260,1480
811620020404,1481
34000480128,1482
366715972330,1483
850027410159,1484
28200317728,1485
76940297015,1486
876063002011,1487
28200004857,1488
608707621230,1489
11000002826,1490
31700058497,1491
22000008992,1492
876063002028,1493
815154025973,1494
811620021968,1495
16000504622,1496
77741508331,1497
840048202963,1498
70330658721,1499
79694221121,1500
790928428474,1501
41420080234,1502
28400183826,1503
90500000549,1504
18000510689,1505
42238302211,1506
9800000739,1507
26200144771,1508
888849000005,1509
47995855222,1510
26100006568,1511
71610499072,1512
41419714737,1513
49000028904,1514
17869807022,1515
72554110931,1516
44500201819,1517
28200310323,1518
73100008825,1519
27200008599,1520
850040427271,1521
28200009654,1522
643843717157,1523
855022005218,1524
613008719302,1525
72250008204,1526
858176002065,1527
757528008680,1528
28400769297,1529
79200049058,1530
41900075156,1531
850027410029,1532
76940297022,1533
28400000031,1534
888109010010,1535
16000512580,1536
761706120248,1537
52000135176,1538
813694026658,1539
819721010614,1540
613008735302,1541
608707129569,1542
28200304322,1543
71611904919,1544
644018117291,1545
22000135377,1546
858176002300,1547
70847819509,1548
73100001703,1549
52000241235,1550
90500000396,1551
34000002467,1552
850009187017,1553
29000078802,1554
76840400218,1555
74570036004,1556
90600000128,1557
761706161067,1558
28400259422,1559
819913012594,1560
611269002461,1561
28200009623,1562
28200003683,1563
90500000921,1564
12000071751,1565
858099003491,1566
38000138638,1567
842595121650,1568
11000004929,1569
52000010282,1570
818094005784,1571
609249907417,1572
888109010164,1573
9800001002,1574
312547493833,1575
1232,1576
70472110002,1577
28400516853,1578
76940297008,1579
47677474208,1580
77741500335,1581
71611005470,1582
37466000053,1583
76940297053,1584
73100008900,1585
784259071102,1586
46100007006,1587
38000356216,1588
70074676081,1589
52000324860,1590
78000005547,1591
70847811213,1592
788434115681,1593
28400751360,1594
49000053425,1595
22000014696,1596
49000079340,1597
22000285942,1598
79200235444,1599
25000058011,1600
82000795223,1601
10700859662,1602
28000895044,1603
5300,1604
44000082086,1605
888109150044,1606
17082600738,1607
3309,1608
611269623734,1609
16000141544,1610
28200008152,1611
27200347285,1612
87076414429,1613
853004004037,1614
28200009494,1615
83900005764,1616
28400769273,1617
644018116881,1618
34000249909,1619
76183003145,1620
633622300502,1621
8421373758,1622
602652170300,1623
30000578285,1624
72250007252,1625
70847013242,1626
28200001672,1627
70472110101,1628
77741362117,1629
16000323926,1630
12000286216,1631
28400324205,1632
70472291138,1633
72350000115,1634
117,1635
786162002976,1636
28400199636,1637
12000142079,1638
28400325059,1639
14100085485,1640
49578313204,1641
920,1642
719410720049,1643
76183002148,1644
888109050023,1645
28200004222,1646
51000138019,1647
71610500211,1648
24100114238,1649
613008756512,1650
611269002447,1651
7519,1652
49000079326,1653
8421440276,1654
70847812517,1655
16571957438,1656
888109010027,1657
28200174673,1658
28400763127,1659
132,1660
14100099970,1661
851015004268,1662
719410775001,1663
3310,1664
482990113715,1665
76940297039,1666
41570099186,1667
83783375572,1668
70310017562,1669
22100112193,1670
754527009052,1671
87692831020,1672
18200967153,1673
849806004948,1674
87692018742,1675
684746400074,1676
77170632850,1677
90600000265,1678
888109060015,1679
90600000746,1680
40901812517,1681
52000043280,1682
22000004888,1683
28200003775,1684
17082015167,1685
72250007245,1686
83783375626,1687
895216001046,1688
90500000624,1689
47995855246,1690
136,1691
72030000183,1692
72945611900,1693
89924051336,1694
34000245222,1695
727274732702,1696
51721056319,1697
24100103454,1698
90600000159,1699
24100123209,1700
27200008513,1701
34000953424,1702
635985802051,1703
26200238920,1704
11000004080,1705
48500206164,1706
850008852046,1707
22000021908,1708
50000235001,1709
73390010829,1710
18200533082,1711
71537060300,1712
643843717041,1713
12000034015,1714
851,1715
71990301040,1716
71025615548,1717
75767200857,1718
72554811296,1719
727766043767,1720
888109010058,1721
90600000753,1722
7560,1723
90600000913,1724
613008763749,1725
9800007615,1726
62067049620,1727
28400331548,1728
16000137042,1729
35400000619,1730
16000166196,1731
28200007438,1732
78908631442,1733
819913015199,1734
73100001376,1735
26832100619,1736
71153002036,1737
18200112188,1738
842595131253,1739
609249903426,1740
654806000100,1741
91925960173,1742
26832100701,1743
28400043809,1744
87692005407,1745
18200203206,1746
16000513792,1747
24100204113,1748
786162411341,1749
28200003690,1750
28400713009,1751
810117130183,1752
34100003579,1753
840262400138,1754
29000075382,1755
18200250002,1756
24100577309,1757
70847896678,1758
87076644604,1759
46100019023,1760
44000037444,1761
613008763831,1762
90600000395,1763
29000022119,1764
28400705769,1765
28400372190,1766
38000138416,1767
18200261299,1768
41262286689,1769
22000006684,1770
714433015967,1771
72890000835,1772
87692018124,1773
714433015844,1774
44100147043,1775
784259071140,1776
73100004858,1777
72890000163,1778
736920114397,1779
366715970039,1780
851015004220,1781
784762071019,1782
73100004803,1783
22000021977,1784
312546628724,1785
42100008739,1786
818094005777,1787
889392021455,1788
18200003349,1789
26200001906,1790
22000006660,1791
25900228866,1792
609249914019,1793
49000533873,1794
610764017840,1795
70847028147,1796
654806000063,1797
850040427264,1798
714433016247,1799
5244,1800
613008720858,1801
76183643563,1802
24300041068,1803
76183003114,1804
761706163115,1805
49000009774,1806
720495902350,1807
829274513753,1808
68274735295,1809
12000031878,1810
47995855239,1811
889392000320,1812
788434104821,1813
28400199148,1814
819,1815
84173968084,1816
810687014838,1817
88004040901,1818
29000025813,1819
22000299550,1820
38252410513,1821
18200110474,1822
17082876300,1823
47995855215,1824
24100000234,1825
883990101205,1826
27800063011,1827
7145,1828
34000214600,1829
30000569368,1830
52000328660,1831
71153660465,1832
73570130002,1833
73100001680,1834
27200008629,1835
28200310026,1836
7285,1837
14200000692,1838
786150000144,1839
138,1840
850,1841
613008715120,1842
71990095116,1843
38000138607,1844
849205031224,1845
22000017895,1846
43695097023,1847
49000555677,1848
788434108089,1849
714433016438,1850
34000229024,1851
978,1852
79927064044,1853
34000001354,1854
559,1855
79694223125,1856
888849000012,1857
888109253608,1858
24300841941,1859
16000200821,1860
16571952822,1861
24300016011,1862
784259072109,1863
714433016063,1864
850016944726,1865
366715974730,1866
73390008185,1867
41757019358,1868
12546011075,1869
44500201826,1870
87692300502,1871
12000126352,1872
635985800804,1873
41262287327,1874
76171220554,1875
754527011727,1876
73390014049,1877
810116121557,1878
888849009954,1879
38000357213,1880
786162411167,1881
16000264793,1882
85,1883
25155057044,1884
843,1885
24300841323,1886
38000504716,1887
34000002412,1888
714433015400,1889
17082883926,1890
41262287372,1891
792554780025,1892
38900719241,1893
312547493802,1894
24300841880,1895
24300041303,1896
52000047943,1897
70310357019,1898
34000005222,1899
16000507043,1900
17082015204,1901
70847811176,1902
73100002649,1903
810128520065,1904
189132000024,1905
312546628694,1906
40000587927,1907
849205019468,1908
815154026116,1909
714433016001,1910
34100087166,1911
77170633819,1912
18200250149,1913
28400589277,1914
9800007608,1915
77170633864,1916
18200262081,1917
49000028928,1918
49000557732,1919
42100026511,1920
28400589284,1921
75720004096,1922
189132000017,1923
82592720153,1924
71948900882,1925
810113830582,1926
810078780625,1927
811620020657,1928
25900259051,1929
16000224445,1930
41780190284,1931
754527011642,1932
34000000524,1933
71720000076,1934
12000001598,1935
87692009917,1936
68213001016,1937
34100570231,1938
71990095062,1939
840262400077,1940
25900243500,1941
25900279301,1942
14974512063,1943
790280150051,1944
51500048153,1945
22000282170,1946
72030013879,1947
71921008291,1948
34000000074,1949
87692003786,1950
635985258919,1951
70310000847,1952
611269283105,1953
811374037369,1954
810117130350,1955
28400730679,1956
16000502789,1957
366715970527,1958
78000004021,1959
754527006525,1960
16000297593,1961
77900513626,1962
77975093900,1963
34000470228,1964
812615003693,1965
856570000205,1966
16000442818,1967
12300707992,1968
79200050498,1969
810117130282,1970
52000050585,1971
16000310520,1972
38093615108,1973
888109150037,1974
888109010508,1975
70847892540,1976
89505020058,1977
24100577217,1978
810687020884,1979
78800114630,1980
611269001860,1981
77170633802,1982
366715975737,1983
28400770798,1984
66619019215,1985
850016944702,1986
62067051463,1987
37000004707,1988
18200250026,1989
840170600606,1990
70897013315,1991
28400517966,1992
722252100900,1993
888109010065,1994
14800001693,1995
89505000074,1996
89505050055,1997
84,1998
815154024822,1999
41433009536,2000
70662026038,2001
3693,2002
41262287402,2003
305730151108,2004
41570051818,2005
70462036008,2006
888109010119,2007
49000050158,2008
18200250088,2009
889392010022,2010
719410785000,2011
70847896272,2012
49000042559,2013
70462007794,2014
18200432187,2015
25900245740,2016
635985802686,2017
70847034629,2018
18200255083,2019
815368021488,2020
12000142086,2021
44100103162,2022
810607021663,2023
87692100126,2024
610764863430,2025
9800000555,2026
82000776925,2027
893919001509,2028
76183643877,2029
70137105237,2030
40000580294,2031
888109258535,2032
606905008303,2033
90500000617,2034
4836,2035
4842,2036
305730147187,2037
888109011598,2038
70847892359,2039
4176,2040
24300761195,2041
810030514077,2042
4513,2043
1045,2044
810028293304,2045
4596,2046
52,2047
4506,2048
48500206027,2049
792554701037,2050
4519,2051
1087,2052
41780003300,2053
4481,2054
4324,2055
4521,2056
80798410717,2057
49000554441,2058
4846,2059
813608014085,2060
4323,2061
842595106572,2062
9554,2063
4325,2064
4838,2065
4972,2066
4908,2067
850645008387,2068
71610301924,2069
850027410012,2070
4907,2071
42100026542,2072
815154026147,2073
4296,2074
83900006723,2075
38000222795,2076
49000050141,2077
4876,2078
815154025515,2079
12000009358,2080
12000001406,2081
78250003287,2082
28400147392,2083
70074675992,2084
40822011969,2085
72250007542,2086
34000005215,2087
792554903004,2088
714433014649,2089
609543222223,2090
77817109301,2091
888109010539,2092
849806005457,2093
78000148404,2094
90500000570,2095
4490,2096
28400705738,2097
70847892519,2098
842595126198,2099
40000004660,2100
49000053746,2101
17082600233,2102
635985802419,2103
4518,2104
4252,2105
613008763756,2106
4906,2107
4971,2108
4915,2109
76183003152,2110
4516,2111
1072,2112
87692006862,2113
28400329491,2114
9800007639,2115
76064002045,2116
30000569351,2117
875,2118
27800062700,2119
1071,2120
818290011800,2121
46100007259,2122
7553,2123
883990681219,2124
75720000050,2125
41262287235,2126
41262287341,2127
82592727152,2128
819913015434,2129
888109050054,2130
28400712972,2131
1086,2132
4458,2133
4491,2134
14100049623,2135
62067051425,2136
4520,2137
1019,2138
5130,2139
71537060287,2140
4536,2141
850042638040,2142
89924278917,2143
896887002196,2144
99900801008,2145
28400589895,2146
40000508861,2147
78000206456,2148
609249901422,2149
815154026710,2150
70158000030,2151
609249901415,2152
611269108026,2153
71537060324,2154
810030510024,2155
74488444427,2156
810085812203,2157
10700702623,2158
71610301832,2159
78250003362,2160
969,2161
28400769228,2162
73390055011,2163
12000221767,2164
26200114200,2165
16000264694,2166
812503036000,2167
1109,2168
894700010069,2169
41335078999,2170
4289,2171
850000429093,2172
5255,2173
87076214555,2174
28400517706,2175
52000324815,2176
1070,2177
4840,2178
4215,2179
784259075506,2180
40000422068,2181
23100010786,2182
34000008476,2183
70310001462,2184
87692009511,2185
38000264481,2186
24100114627,2187
4507,2188
609249920423,2189
4871,2190
24300016073,2191
609249902429,2192
73390055172,2193
40000000518,2194
10700807229,2195
38200000063,2196
7468,2197
761706080139,2198
35000556769,2199
52000328684,2200
611269002607,2201
684746403501,2202
720112004528,2203
608707124410,2204
28200309921,2205
4204,2206
1103,2207
28400768986,2208
4175,2209
80660956435,2210
7046,2211
18200139864,2212
7051,2213
28400763905,2214
28400767354,2215
784259071225,2216
816014022538,2217
71990000479,2218
89924278962,2219
7083,2220
80660956954,2221
784259073106,2222
855022005331,2223
73926391927,2224
10700858559,2225
38000116308,2226
87692018148,2227
606905008709,2228
37600000628,2229
22000004833,2230
78800114005,2231
40822011952,2232
4676,2233
40000605560,2234
38000318405,2235
84114115881,2236
25000030291,2237
5261,2238
5265,2239
1023,2240
883426004704,2241
41419714744,2242
5275,2243
28400697705,2244
7089,2245
28400089364,2246
28400055987,2247
28400517942,2248
80660956756,2249
40000006275,2250
25000053818,2251
49000070439,2252
17082000736,2253
70847037545,2254
41262287266,2255
76183003138,2256
75767002086,2257
52000010299,2258
74570004003,2259
714433016278,2260
4071,2261
633622300564,2262
5264,2263
5263,2264
5262,2265
139,2266
609249907424,2267
863564000066,2268
26200471587,2269
684746400210,2270
28400331555,2271
7469,2272
38900719661,2273
104,2274
4039,2275
70970472923,2276
71611915090,2277
137,2278
34000996629,2279
28400712941,2280
75767200314,2281
73905282024,2282
41433009574,2283
44700024546,2284
4551,2285
888109253097,2286
28400260343,2287
5276,2288
34000000067,2289
29000022133,2290
951,2291
34100000059,2292
12000003110,2293
78800331099,2294
48794101022,2295
609249904416,2296
811374035655,2297
40000004455,2298
44100146992,2299
635985249856,2300
51000159045,2301
888109110659,2302
810113831329,2303
42238726239,2304
714433016179,2305
694411002502,2306
12000190896,2307
34000485024,2308
719410700041,2309
28400766784,2310
84114033338,2311
815154025485,2312
52000052862,2313
49000053401,2314
29000020016,2315
12000046438,2316
765171855520,2317
70310015322,2318
41364087320,2319
41262287242,2320
70662087237,2321
41789007019,2322
840245600067,2323
12000071744,2324
381370036029,2325
888849005956,2326
3307,2327
17082883872,2328
17869807015,2329
22000017901,2330
761706160244,2331
7032,2332
24300044328,2333
608707124168,2334
12300000406,2335
714433015998,2336
28200003867,2337
41262287334,2338
12546312554,2339
82000798965,2340
181526000054,2341
34000007301,2342
300450409201,2343
16000507326,2344
76183003213,2345
41780190215,2346
73100000218,2347
72030014753,2348
12000202377,2349
49000050233,2350
18200966248,2351
239,2352
850040427103,2353
47995855079,2354
609249906427,2355
83783531114,2356
87692212317,2357
967,2358
307,2359
74804032116,2360
52000055009,2361
83791272443,2362
39800013613,2363
804879146285,2364
30772058152,2365
310310283407,2366
141,2367
5310,2368
24300017056,2369
4035,2370
21000026883,2371
72030011080,2372
8421373451,2373
73010314092,2374
44000081799,2375
4025,2376
145,2377
1210,2378
16000205529,2379
18200610301,2380
28400637695,2381
12044000274,2382
810113830605,2383
44100103674,2384
888109255640,2385
24300045585,2386
714433015714,2387
38000183713,2388
632565000029,2389
714433016100,2390
613008763732,2391
381370046660,2392
761706165195,2393
840262400275,2394
840245600166,2395
11000002949,2396
73100003134,2397
786162004987,2398
41419420058,2399
781138710114,2400
2024,2401
7255,2402
655778358237,2403
38000845260,2404
12546312417,2405
76840100040,2406
39800099099,2407
840262400015,2408
44000082147,2409
635985132172,2410
87692831389,2411
883990101212,2412
819721011833,2413
761706161333,2414
26200117409,2415
28400325080,2416
839,2417
44600711751,2418
90600000890,2419
9450050443,2420
312547170314,2421
24300865923,2422
722252601445,2423
305730705127,2424
811620021982,2425
73390008383,2426
72250007238,2427
28400705691,2428
87692838357,2429
855022005270,2430
757528048112,2431
635985802099,2432
70847892380,2433
34000544028,2434
41388210216,2435
9421903788023,2436
684746800423,2437
34100516437,2438
87692821021,2439
800,2440
12000220920,2441
684746375105,2442
47677482487,2443
70137115601,2444
850016944108,2445
312546627710,2446
719410750015,2447
851133006809,2448
54100925022,2449
18200007699,2450
18200261282,2451
755355003113,2452
70310017753,2453
714433015127,2454
366715970428,2455
34100002411,2456
49000072396,2457
34000002443,2458
28400199988,2459
72554415166,2460
31700050415,2461
720112004597,2462
49000070484,2463
41262287389,2464
77817112059,2465
40000551898,2466
784762071101,2467
24300835209,2468
47500011686,2469
28400070980,2470
28400331760,2471
714433015486,2472
21000026876,2473
22000120304,2474
818094005753,2475
24300835711,2476
28200004819,2477
840170618113,2478
91752001209,2479
761706120293,2480
888849006632,2481
51000148803,2482
76840100989,2483
714433015868,2484
888109300050,2485
24300865541,2486
17082015587,2487
649440004089,2488
70462002041,2489
75767112600,2490
38000765414,2491
44100146954,2492
28400770057,2493
49000557756,2494
11284003588,2495
840170618236,2496
73100008924,2497
42100000047,2498
12546011136,2499
608707124342,2500
850042638125,2501
810028293281,2502
41780272065,2503
70310505519,2504
26100008500,2505
44000029548,2506
718122377244,2507
635985801610,2508
90500000679,2509
40901812579,2510
762446490059,2511
24100117925,2512
613008742478,2513
31700054222,2514
28400459587,2515
8159,2516
41780190239,2517
300450295095,2518
9450110260,2519
28200305022,2520
76064001048,2521
813993007105,2522
41500805016,2523
28200004710,2524
73100000034,2525
28400043793,2526
70330670532,2527
73100001130,2528
611269002034,2529
736920111327,2530
21000604647,2531
27400103070,2532
83791272436,2533
70085060107,2534
41780271662,2535
28400200592,2536
815216016703,2537
44000080877,2538
49578313228,2539
810128526333,2540
48500206195,2541
41419420072,2542
46704068502,2543
810116124428,2544
872181000069,2545
72030001210,2546
78800113930,2547
18200059896,2548
28400006200,2549
24100116263,2550
76840101320,2551
860000356800,2552
48500206133,2553
73100005084,2554
849205032047,2555
73100002885,2556
74570034000,2557
72554001604,2558
842,2559
850000429413,2560
64144043156,2561
72250010511,2562
7127,2563
7226,2564
73100002861,2565
75767405511,2566
611269281361,2567
28000896256,2568
10700703668,2569
804,2570
7240,2571
18200203275,2572
813993009741,2573
41548287454,2574
24300041129,2575
31700049693,2576
822,2577
840,2578
7265,2579
44000037451,2580
7283,2581
24300865558,2582
75767200895,2583
24300045158,2584
609249906410,2585
613008748333,2586
784259071065,2587
28200005687,2588
883990661853,2589
75767202813,2590
608707008512,2591
312546629707,2592
755355005155,2593
609249914422,2594
849806004726,2595
28400071031,2596
366715973214,2597
810607023094,2598
74460100648,2599
790280150846,2600
28400070942,2601
80798418409,2602
28400767194,2603
28400762120,2604
815216018844,2605
889392000757,2606
41420048548,2607
810113832166,2608
761706130100,2609
613008722210,2610
78000035209,2611
12000204951,2612
71100005509,2613
75767600596,2614
28200310422,2615
73390055158,2616
44000040703,2617
70472170006,2618
849205023458,2619
76150232486,2620
784259075353,2621
888109150020,2622
307667491104,2623
632565000036,2624
80798422116,2625
28200007896,2626
27200008544,2627
70472110149,2628
28400426251,2629
644018116973,2630
28200007728,2631
644018117208,2632
613008745905,2633
85000017746,2634
25900243531,2635
82988010066,2636
815154021661,2637
77741368270,2638
72999805539,2639
70847034780,2640
71610302266,2641
28400733243,2642
40000001607,2643
34100013004,2644
840262400510,2645
22000289735,2646
24300044557,2647
24300835216,2648
851724008939,2649
78000082456,2650
896099000058,2651
7799,2652
41570052303,2653
649440001453,2654
28400323826,2655
46100019054,2656
83783375213,2657
849205018591,2658
79200049065,2659
840170618298,2660
888109253004,2661
87692010883,2662
70195590167,2663
71610203358,2664
842595131741,2665
28200009357,2666
68213021175,2667
49000070507,2668
87692020516,2669
52300004349,2670
888109256647,2671
70137832027,2672
850009187055,2673
635985801825,2674
810116123445,2675
88004050276,2676
638489000060,2677
654806000032,2678
16000288010,2679
72945612419,2680
894700010052,2681
12546011099,2682
5291,2683
974,2684
312546629363,2685
12000210808,2686
82000791102,2687
11228000079,2688
73390014056,2689
25866591998,2690
11000004936,2691
851133006786,2692
72030023014,2693
62067051555,2694
689076575560,2695
7245,2696
34100016364,2697
41420045707,2698
762446420001,2699
34100003425,2700
41780190024,2701
181526000078,2702
38000581717,2703
300450488268,2704
80000495433,2705
10700859624,2706
855,2707
849205032160,2708
79927110116,2709
83783222005,2710
850000429260,2711
7300,2712
878,2713
7072,2714
7042,2715
71990100025,2716
22000021243,2717
689076711029,2718
18200007712,2719
83783110104,2720
689076961325,2721
799953331247,2722
792554104005,2723
611269001846,2724
18200200779,2725
62067049460,2726
12000211997,2727
799953310242,2728
71700149214,2729
52000338317,2730
89505030057,2731
810687020860,2732
28400744959,2733
62067049552,2734
71921008277,2735
28400366724,2736
856570000236,2737
18200202636,2738
13800448316,2739
14100074724,2740
761706120224,2741
70310545515,2742
28200301727,2743
72250916417,2744
73100005916,2745
44700024553,2746
18200255052,2747
18200261244,2748
82000782506,2749
635985260011,2750
18200250095,2751
28400306959,2752
876063002813,2753
754527012274,2754
849205019345,2755
44700075296,2756
18200250033,2757
44000080594,2758
840170600422,2759
18200281563,2760
42800005861,2761
41570051801,2762
12000171956,2763
16000507661,2764
761706190296,2765
4263,2766
48500206058,2767
611269001969,2768
894700010168,2769
4434,2770
4668,2771
1057,2772
52000052855,2773
714433015790,2774
787,2775
850040427080,2776
24300841620,2777
840170618175,2778
714433015288,2779
4303,2780
78000113402,2781
863737000121,2782
17082000033,2783
87692018506,2784
73390009342,2785
4200,2786
4253,2787
49000070422,2788
883990681202,2789
90500000587,2790
4385,2791
73390055042,2792
850031700079,2793
29000017177,2794
46100354056,2795
68213094513,2796
135,2797
4677,2798
4553,2799
70462002065,2800
4917,2801
22100000049,2802
70462542509,2803
609249920010,2804
4387,2805
34000005451,2806
4665,2807
4646,2808
850031700222,2809
4189,2810
4870,2811
4785,2812
40000595373,2813
16000126077,2814
4648,2815
4924,2816
4271,2817
4270,2818
79223023103,2819
4925,2820
38093615207,2821
41262286696,2822
43695097344,2823
761706162026,2824
12000192760,2825
4375,2826
79200298487,2827
22000016065,2828
40000586104,2829
44000060114,2830
16000506954,2831
44000052317,2832
4970,2833
609249914415,2834
1030,2835
78000152166,2836
75767002048,2837
34856050964,2838
4969,2839
4685,2840
62067049729,2841
41262287549,2842
4316,2843
4658,2844
28400769105,2845
5267,2846
28400769051,2847
82000803324,2848
28400324878,2849
1027,2850
40000476528,2851
75767002390,2852
4678,2853
25713919609,2854
77975025871,2855
75767600404,2856
812,2857
5269,2858
41262287396,2859
48500206140,2860
888109012106,2861
28400047685,2862
24100928415,2863
71700115219,2864
27800073577,2865
34000196401,2866
70847000303,2867
818094005807,2868
366715973122,2869
24300808388,2870
41262287310,2871
5271,2872
5272,2873
5274,2874
34000544134,2875
4090,2876
22000285966,2877
12000183874,2878
72890000118,2879
25000058868,2880
860001683219,2881
28400324410,2882
71921193317,2883
44000081591,2884
39800011329,2885
70970473579,2886
28400005784,2887
17082884022,2888
714433015462,2889
816014020800,2890
87692009702,2891
18200250064,2892
29000012585,2893
719410500047,2894
755355005117,2895
71610499492,2896
26200171296,2897
34100572563,2898
813608014092,2899
44500975888,2900
14113910088,2901
20709012302,2902
79200079529,2903
840170618205,2904
810607023100,2905
37466000077,2906
736920211089,2907
79200084196,2908
72890001191,2909
25900229702,2910
77170633871,2911
7172,2912
28400034821,2913
642524121498,2914
304,2915
841769140008,2916
761706261637,2917
229,2918
788434115704,2919
118,2920
819979012637,2921
26200464664,2922
819979012651,2923
26200467726,2924
714433016360,2925
850031700208,2926
34000229178,2927
80798429337,2928
796030250965,2929
15900069804,2930
51000232830,2931
30772081242,2932
16000124790,2933
12300000703,2934
25900100902,2935
12546011112,2936
34100015091,2937
44700361139,2938
76840100354,2939
71537060409,2940
28400043496,2941
608707432966,2942
757528045289,2943
11228000055,2944
24300016028,2945
71990316006,2946
94922777164,2947
366715970336,2948
80798419796,2949
888109012649,2950
889392021318,2951
75767200369,2952
26200002330,2953
88004040895,2954
635985802877,2955
819979011395,2956
784259074103,2957
840170618144,2958
70462098501,2959
71948000100,2960
70137215653,2961
89505040056,2962
26200001302,2963
77400127330,2964
42100005523,2965
72030021645,2966
42100000641,2967
784762071033,2968
72030021652,2969
20100000069,2970
813694026696,2971
24300837289,2972
18200009891,2973
8421440238,2974
851015004374,2975
73100002830,2976
609543444441,2977
649440005079,2978
608707009397,2979
8421373536,2980
312546627529,2981
28400517997,2982
24300041464,2983
34000006656,2984
44700008652,2985
21000604654,2986
28400055970,2987
610764030054,2988
25500304014,2989
859546004214,2990
719410500016,2991
850016944719,2992
30772088586,2993
44000032838,2994
49000081169,2995
642860130246,2996
90500000464,2997
25900207502,2998
29000025790,2999
13600020224,3000
12000230714,3001
762446492053,3002
46100007105,3003
816012012739,3004
761706160121,3005
2025,3006
850040024890,3007
11284003038,3008
888109259624,3009
83783675627,3010
28400199612,3011
793573780157,3012
72554392528,3013
25900207496,3014
83783535785,3015
12000001772,3016
76840400058,3017
786162002983,3018
96404000074,3019
74804075229,3020
635985800217,3021
17082015112,3022
10700060655,3023
786162410740,3024
68213001320,3025
613008721756,3026
70310000137,3027
34100073442,3028
810116125869,3029
840045200818,3030
24300045462,3031
842595126860,3032
5152,3033
757528008949,3034
98,3035
50400739420,3036
71330601380,3037
12000018817,3038
784762071040,3039
77170632843,3040
143,3041
4000,3042
83791191003,3043
4067,3044
140,3045
654806000018,3046
28400000222,3047
4004,3048
4031,3049
4076,3050
4027,3051
4041,3052
4030,3053
3080,3054
16571955144,3055
4077,3056
3082,3057
810116121823,3058
366715979933,3059
21400402782,3060
23100019079,3061
87076414375,3062
28400215732,3063
611269333572,3064
27854010269,3065
850031700185,3066
41420045691,3067
714433016049,3068
850003560458,3069
54100000606,3070
34100013325,3071
842595118858,3072
22000020369,3073
609249923226,3074
70195599269,3075
76171220899,3076
18200965500,3077
25900237394,3078
25900205461,3079
49000028911,3080
70310009802,3081
26200238913,3082
150,3083
152,3084
197,3085
861387000300,3086
31700056233,3087
28400637718,3088
31700049754,3089
28400589888,3090
840170601085,3091
608707009403,3092
71700142017,3093
22000004864,3094
88004041977,3095
26200471907,3096
73100009624,3097
7176,3098
73926136207,3099
714433016155,3100
12000810008,3101
757528048839,3102
782,3103
78000156461,3104
77817142155,3105
90600000135,3106
52000241204,3107
761706190319,3108
22000289599,3109
71610303065,3110
8421362486,3111
761706160060,3112
28400070959,3113
813694026719,3114
40901038153,3115
714433016230,3116
24300045530,3117
71007015823,3118
678358990054,3119
89505010059,3120
850027410142,3121
742761194900,3122
88004049980,3123
79200084189,3124
792554620017,3125
635985801344,3126
33544950425,3127
28400759045,3128
38000304293,3129
44700360026,3130
7238,3131
71610203099,3132
12546676090,3133
866816000067,3134
34100575052,3135
740522120861,3136
482990114071,3137
31700049761,3138
41780190246,3139
31700050149,3140
816014022590,3141
42800005809,3142
71670071065,3143
7228,3144
78000215465,3145
606905124072,3146
784259076121,3147
850027410180,3148
482990114118,3149
50000300624,3150
73390055264,3151
80798428422,3152
855022005201,3153
17400118051,3154
613008731021,3155
76183003190,3156
80798421232,3157
41262274525,3158
14100085478,3159
196852515905,3160
31700058725,3161
26200144856,3162
781231000891,3163
77817198008,3164
608707580087,3165
849806003002,3166
34100008826,3167
613008751333,3168
70137839927,3169
12000105425,3170
82000727545,3171
7218,3172
714433015820,3173
24300835612,3174
25600007815,3175
25600007822,3176
25600001349,3177
14100045557,3178
25600007914,3179
44500000382,3180
44000082116,3181
41262286672,3182
714433015172,3183
86106152560,3184
72250010368,3185
80660956411,3186
86106152102,3187
608707580742,3188
609249900418,3189
805866002959,3190
482990113463,3191
49000077827,3192
44500975864,3193
12000230431,3194
808805931297,3195
87692012276,3196
860431001423,3197
784762070098,3198
49000081152,3199
28400619714,3200
16000205499,3201
28400000260,3202
79100003259,3203
300450192042,3204
810028292581,3205
850003560977,3206
71670185014,3207
41570051795,3208
850003560410,3209
608707008185,3210
70310009949,3211
18200000782,3212
850059195123,3213
74570014002,3214
71159078196,3215
28400632836,3216
813,3217
873983005047,3218
25866592414,3219
21000025763,3220
37600138727,3221
883990881244,3222
27200008650,3223
71159073115,3224
29000008229,3225
71921214579,3226
70272232027,3227
38900742065,3228
28400184779,3229
16000141568,3230
761706168509,3231
7037,3232
613008735135,3233
842595131628,3234
13600031114,3235
13600789114,3236
75767280934,3237
48794101015,3238
90500000945,3239
18200113086,3240
784259075100,3241
25900253394,3242
46704000328,3243
609249920416,3244
71700154010,3245
38093516603,3246
76840100149,3247
38000402906,3248
810078781158,3249
714433016148,3250
860000356817,3251
28400331814,3252
689076960021,3253
71537060256,3254
31700058718,3255
91752001001,3256
72600081727,3257
24300041020,3258
28400740111,3259
44700006771,3260
31700054543,3261
850051787241,3262
714433015103,3263
42800005830,3264
300450449054,3265
46704098448,3266
22000014641,3267
30000319581,3268
78250006141,3269
90500000952,3270
13800447845,3271
71611936095,3272
25155057112,3273
24291164081,3274
609249923110,3275
76840101344,3276
12300000888,3277
16000204324,3278
70330604995,3279
91428260176,3280
5246,3281
77817105808,3282
813993001370,3283
761073425908,3284
52000338300,3285
824,3286
46704065167,3287
12000221521,3288
73100005893,3289
608707622381,3290
13800103215,3291
784762071064,3292
366715970237,3293
307660739197,3294
24300044823,3295
51500057223,3296
76171220059,3297
761706080153,3298
28400201292,3299
73100001734,3300
12000021367,3301
76183003121,3302
79062359968,3303
22000282354,3304
34000318261,3305
1558,3306
813694026672,3307
22000283863,3308
26200112008,3309
70847038306,3310
19000170491,3311
34000454334,3312
77900471315,3313
41419714713,3314
74608352052,3315
71948100114,3316
25900247003,3317
816374020281,3318
12300000697,3319
7203,3320
635985801023,3321
792554902014,3322
613008749552,3323
44100105401,3324
88004049973,3325
51500255162,3326
761706166062,3327
90500000532,3328
819913011580,3329
71990100209,3330
792554902007,3331
44100100666,3332
51000012517,3333
24000162865,3334
810030510482,3335
79200362003,3336
613008756864,3337
717524802286,3338
27200002160,3339
792850140998,3340
83783228229,3341
28400734516,3342
818290011794,3343
41780003157,3344
28200324221,3345
644018117260,3346
644018117277,3347
40901022060,3348
608707131821,3349
644018117239,3350
894306001300,3351
644018117130,3352
804879121084,3353
613008728571,3354
28400172516,3355
644018117246,3356
810607024879,3357
28400759083,3358
28400636414,3359
644018116911,3360
46100353516,3361
28000895037,3362
888109060022,3363
70662404010,3364
76183003206,3365
70622921175,3366
80798418416,3367
70230107107,3368
850015661075,3369
21000000142,3370
74570114009,3371
889392001549,3372
859654002010,3373
42238302556,3374
70847036944,3375
28400758154,3376
34100573447,3377
49000071542,3378
12000002304,3379
644018117253,3380
44700006740,3381
70622431018,3382
70622431162,3383
644018116690,3384
644018117031,3385
18200533150,3386
26200119243,3387
644018117222,3388
77741368157,3389
644018116799,3390
608707139582,3391
858176002058,3392
613008735012,3393
888109110642,3394
644018117000,3395
852823000015,3396
41780190253,3397
41570110232,3398
28400331524,3399
8421440108,3400
740267000039,3401
12000171765,3402
44000047368,3403
78000206166,3404
644018117161,3405
75720445752,3406
8421440146,3407
72979004174,3408
644018117048,3409
70472170082,3410
9800513048,3411
644018117192,3412
781231000457,3413
644018116836,3414
44000056940,3415
27854010122,3416
76940297084,3417
73100002724,3418
28400325172,3419
88004047832,3420
30772033395,3421
28400712965,3422
896099000027,3423
28400680769,3424
26100006612,3425
87692971023,3426
896099000041,3427
810078780779,3428
17869807008,3429
31700055724,3430
896099000065,3431
482990113043,3432
849205016283,3433
25900207601,3434
43300000950,3435
804879068709,3436
37000004714,3437
19800701956,3438
849205031255,3439
649440001057,3440
810607020710,3441
52300025405,3442
608707655365,3443
781231000464,3444
781231000501,3445
810078780205,3446
654806000025,3447
12000028472,3448
654806000049,3449
72030012018,3450
73390014124,3451
50400751163,3452
888109010072,3453
72030013657,3454
72030014166,3455
28400324489,3456
613008710194,3457
850251004438,3458
70960000129,3459
12000211980,3460
613008719791,3461
720112004566,3462
7014,3463
7315,3464
654806000056,3465
323900014251,3466
87692012528,3467
7305,3468
41780271747,3469
42100000061,3470
810607020697,3471
31000100094,3472
78000001617,3473
611269001013,3474
73905222648,3475
799953309246,3476
810113830667,3477
71990170523,3478
876063811910,3479
89924770213,3480
82000791652,3481
70137839828,3482
71921008284,3483
76183003275,3484
813608014108,3485
856570000212,3486
876063811705,3487
41262286634,3488
80660956251,3489
68213034106,3490
366715974884,3491
28400324434,3492
76183643747,3493
52000338324,3494
52000104332,3495
18200200380,3496
850046522154,3497
810051010503,3498
761706165157,3499
4291,3500
300410107932,3501
786150000014,3502
611269109009,3503
366715972620,3504
28400372169,3505
4290,3506
851741008141,3507
4517,3508
80798421249,3509
1021,3510
736920212185,3511
635985801085,3512
21000023226,3513
1028,3514
79200060671,3515
4337,3516
71990095918,3517
850003560441,3518
4552,3519
851211004529,3520
28200310224,3521
31700050026,3522
18200200786,3523
34100013097,3524
31000307448,3525
608707166984,3526
28400331609,3527
50000406944,3528
1029,3529
28400323888,3530
25900259044,3531
78300119005,3532
4089,3533
5270,3534
79062005810,3535
5273,3536
41420016257,3537
4968,3538
4673,3539
4085,3540
51000023797,3541
850015661112,3542
78800110878,3543
28400737104,3544
4666,3545
810607021694,3546
840045200931,3547
858000006382,3548
51000038852,3549
79062005322,3550
655778358244,3551
714433016216,3552
87692011033,3553
70330665804,3554
18200284434,3555
714433015677,3556
303,3557
18200203817,3558
72030002378,3559
719410800017,3560
72030001616,3561
810078780977,3562
850051787210,3563
7067,3564
841769140077,3565
52000104325,3566
77817127763,3567
12000231339,3568
28400516471,3569
28400741316,3570
51000025494,3571
28400697354,3572
72600066632,3573
300450270269,3574
24300837784,3575
24300808913,3576
41262284432,3577
28200309822,3578
714433016162,3579
70662095010,3580
714433016346,3581
196005243952,3582
21200001833,3583
811435002152,3584
78800112261,3585
41789001253,3586
78800114647,3587
792554902021,3588
42100007718,3589
482990113494,3590
608707621490,3591
78250003829,3592
44500975871,3593
41780003034,3594
74804071115,3595
849205023540,3596
366715973337,3597
28400700016,3598
26200142357,3599
8421413393,3600
8421415120,3601
761706164075,3602
813993006047,3603
813993002155,3604
31700050262,3605
42800114006,3606
8421415038,3607
77170119993,3608
608707625559,3609
31700050279,3610
72030022406,3611
482990115672,3612
16000123991,3613
44700019887,3614
714433016070,3615
34100013417,3616
94733100014,3617
72030021669,3618
12546011624,3619
1211,3620
22000016508,3621
761706190135,3622
40000001621,3623
38000222610,3624
195153101046,3625
70310001523,3626
761706120194,3627
31700056523,3628
16571959227,3629
70920476346,3630
71153783805,3631
71610202658,3632
80798409810,3633
689076057240,3634
72510024128,3635
80798419840,3636
80798423076,3637
41500007007,3638
80000006738,3639
45464298822,3640
74570597987,3641
8421412877,3642
25900259013,3643
609249904423,3644
72554335358,3645
808805933369,3646
8421373505,3647
8421411504,3648
8421363926,3649
27854080255,3650
860000671118,3651
29000010062,3652
38000291500,3653
64144043026,3654
31700058749,3655
608707621483,3656
305730725125,3657
8421373659,3658
52000055405,3659
638489000299,3660
859546004269,3661
78000004083,3662
37000197430,3663
49000050165,3664
24300041280,3665
819913011566,3666
71153002043,3667
859546004252,3668
21000611447,3669
38000635700,3670
736920116513,3671
842595109542,3672
888861302019,3673
40232482250,3674
49000556827,3675
25900100919,3676
786162003737,3677
70960951551,3678
40000581376,3679
12000240010,3680
83900005962,3681
819721011710,3682
8421415052,3683
850031700246,3684
850042638101,3685
608707166991,3686
26200461359,3687
12300708999,3688
28400183833,3689
24300808845,3690
22000006691,3691
88004041984,3692
31700049518,3693
28400713405,3694
821555455240,3695
71948900905,3696
371,3697
34100303419,3698
33544950449,3699
28400508957,3700
7015,3701
18200008344,3702
27200008674,3703
71990095161,3704
714433015738,3705
78800115323,3706
813608014078,3707
786162411365,3708
684746577608,3709
10700021526,3710
369,3711
849205030623,3712
70662010020,3713
850042638026,3714
608707124380,3715
850009187239,3716
608707663667,3717
49000077834,3718
819913014987,3719
7294,3720
87692000570,3721
80660957654,3722
38000222719,3723
4338,3724
888109254100,3725
80798410496,3726
28400708609,3727
761706130049,3728
9450000011,3729
13409918104,3730
28400733267,3731
44700101971,3732
727766043804,3733
26200141619,3734
30000578261,3735
76183643631,3736
649440002177,3737
28400034364,3738
77170260749,3739
12000240041,3740
8421361861,3741
363824056364,3742
45464100132,3743
810105350463,3744
4006,3745
4096,3746
146,3747
4003,3748
48500206003,3749
4081,3750
142,3751
4033,3752
71439344188,3753
8421412914,3754
28400371858,3755
3083,3756
4040,3757
4024,3758
4068,3759
79927064020,3760
8421415021,3761
4091,3762
4063,3763
76183455128,3764
4029,3765
4032,3766
41548563909,3767
16571959265,3768
27854080262,3769
80798426541,3770
44700070758,3771
28400741309,3772
77817124939,3773
27854080644,3774
751667186865,3775
740522110886,3776
71610202832,3777
9468031373,3778
28400688918,3779
40000001058,3780
15300014954,3781
73100000089,3782
44600008899,3783
613008724382,3784
79100003273,3785
888109254308,3786
30000659809,3787
714433015561,3788
13800103406,3789
52000053012,3790
754308200029,3791
28400026734,3792
34100012328,3793
28400680189,3794
21000612239,3795
810078780168,3796
37000172819,3797
39800011398,3798
49000555721,3799
808805932515,3800
44000043148,3801
608707580278,3802
14100045526,3803
72600066618,3804
784259075407,3805
87692831037,3806
85000107454,3807
89924880073,3808
27854030120,3809
28400084055,3810
611269001723,3811
876063811927,3812
71611915083,3813
877,3814
15300014978,3815
632432728773,3816
888109011574,3817
7559,3818
716281507854,3819
879,3820
5247,3821
7038,3822
77900471322,3823
52300000242,3824
30000652909,3825
810499022113,3826
52300005360,3827
608707621773,3828
87692019282,3829
816014022514,3830
707533306011,3831
73100001673,3832
9450042233,3833
90500000860,3834
840045201174,3835
842595127638,3836
815154025911,3837
80798425964,3838
632565000012,3839
608707139520,3840
72890004789,3841
71611901383,3842
29000023178,3843
850040024975,3844
68213091178,3845
41262274532,3846
28400329484,3847
49000557015,3848
41789001437,3849
28400734578,3850
816014020084,3851
77170460408,3852
840045200993,3853
39800032805,3854
12000231308,3855
82488123006,3856
842595127027,3857
840048217448,3858
1110,3859
25900259020,3860
1701,3861
18200150302,3862
20400000035,3863
25713919807,3864
28400516655,3865
41570145883,3866
755547007974,3867
849205031347,3868
21000043293,3869
87692006701,3870
87692271024,3871
73010379084,3872
16000297616,3873
849806002272,3874
74570026005,3875
73100003448,3876
24300841057,3877
74780515504,3878
613008751159,3879
608707580926,3880
43000029220,3881
751667183420,3882
49000078725,3883
87692001171,3884
28400360999,3885
25600000373,3886
25600007891,3887
71611904421,3888
25600042069,3889
25600000021,3890
714433015332,3891
840170600965,3892
90500000907,3893
608707006563,3894
850040427516,3895
12000007460,3896
72250007672,3897
16000122543,3898
49000018066,3899
850032024273,3900
83791059396,3901
887853003323,3902
689076852531,3903
10043,3904
811620020879,3905
784762070036,3906
784762070067,3907
70847891901,3908
71670000027,3909
608707681852,3910
850046522215,3911
94733155892,3912
90500000433,3913
49000050257,3914
27200002399,3915
28400753999,3916
976,3917
75767002031,3918
82000723851,3919
70330604599,3920
24300835261,3921
75767297048,3922
71610302297,3923
694411003479,3924
80798425971,3925
80692717943,3926
27200001750,3927
71921003388,3928
78000202403,3929
784259071027,3930
25713921701,3931
41167100158,3932
12000171864,3933
31000101015,3934
716281507861,3935
381,3936
7125,3937
21000658831,3938
37900990612,3939
12300000680,3940
28400742368,3941
82592988157,3942
608707622961,3943
12900003449,3944
64144047024,3945
608707622275,3946
44600015941,3947
31700050323,3948
98100100119,3949
25900235819,3950
608707621391,3951
70310017012,3952
71921949471,3953
608707622282,3954
75767600435,3955
34100013349,3956
608707167042,3957
28400325066,3958
71610299573,3959
46704049600,3960
841,3961
31146262441,3962
18200962943,3963
90600000364,3964
24300041488,3965
842595117080,3966
73390013035,3967
613008715267,3968
613008717711,3969
894306001317,3970
28200006134,3971
28200324320,3972
28400329507,3973
644018117024,3974
613008756451,3975
78000000344,3976
644018116522,3977
78908222145,3978
761706130186,3979
17800150149,3980
644018117116,3981
723830000094,3982
18200202889,3983
644018117215,3984
77741318275,3985
70472136149,3986
644018116751,3987
78908222008,3988
898999010007,3989
644018116812,3990
808805930504,3991
819913015151,3992
644018116966,3993
73100004919,3994
28200174321,3995
14100074649,3996
72945601369,3997
850040427240,3998
644018116744,3999
644018117123,4000
8421373642,4001
14100078845,4002
14100087847,4003
28400739979,4004
850089007595,4005
480,4006
608707621476,4007
748,4008
644536248316,4009
850040427257,4010
7279,4011
40129200615,4012
37600223188,4013
16571959203,4014
12000142093,4015
18200262098,4016
62067049699,4017
70310017548,4018
66619001326,4019
77170633888,4020
44700101957,4021
80798418393,4022
42897660004,4023
781138713108,4024
3695,4025
4275,4026
4272,4027
4172,4028
79062005186,4029
4787,4030
31700056493,4031
41167009116,4032
4877,4033
4335,4034
71990001148,4035
4367,4036
4926,4037
44700360002,4038
4656,4039
4433,4040
4319,4041
888109253738,4042
80798419772,4043
12300302883,4044
70847896210,4045
482990115863,4046
4201,4047
482990115801,4048
5280,4049
482990115849,4050
51000005502,4051
44700008850,4052
608707007225,4053
72030019697,4054
608707129637,4055
28400700061,4056
18200430305,4057
8421440092,4058
850016944696,4059
613008771713,4060
80893010508,4061
8421440153,4062
88004040918,4063
888861302125,4064
64144047093,4065
5250,4066
70310307038,4067
684746400449,4068
16571959241,4069
9450000059,4070
41192100437,4071
45464298082,4072
8421363285,4073
4075,4074
818290012289,4075
301490039304,4076
70847891833,4077
5252,4078
50209000851,4079
157522079202,4080
850051787234,4081
41262286665,4082
302,4083
44500975963,4084
8421412884,4085
8421363223,4086
632565000654,4087
840045208043,4088
13000001373,4089
816014020459,4090
62067051722,4091
16571910303,4092
19000085016,4093
608707431341,4094
18200264405,4095
34100516055,4096
761706160008,4097
723830046122,4098
25600009727,4099
25600000359,4100
25600000151,4101
9555,4102
850031700215,4103
11000004134,4104
37000823322,4105
88231413202,4106
796030824968,4107
41167100448,4108
31146250301,4109
98100100096,4110
5198,4111
644018117284,4112
644018116928,4113
815154025546,4114
28200007872,4115
70472190080,4116
28400744935,4117
28200007353,4118
644018116980,4119
78000122404,4120
814186001009,4121
91925970318,4122
14100074816,4123
14100079460,4124
28400712989,4125
28400327299,4126
49000557459,4127
51943287010,4128
31700058664,4129
9450082703,4130
79927102111,4131
608707009373,4132
80798425988,4133
49000546361,4134
90600000357,4135
3694,4136
4450,4137
4227,4138
4841,4139
4788,4140
4293,4141
18200149917,4142
4339,4143
482990115825,4144
70847037828,4145
482990115856,4146
5279,4147
482990115818,4148
76940297077,4149
37000901617,4150
71610203068,4151
842595135534,4152
842595135541,4153
482990113142,4154
41335085898,4155
148,4156
611269003024,4157
608707124144,4158
80798419802,4159
28400000789,4160
28200332424,4161
80798419864,4162
786162411211,4163
608707139490,4164
482990114040,4165
482990114057,4166
45464231799,4167
73754543215,4168
866816000081,4169
78800115309,4170
489988000040,4171
25600007907,4172
75767200277,4173
13000008525,4174
600699661164,4175
28400737074,4176
51500048160,4177
12000210822,4178
608707104306,4179
73390055189,4180
28400705615,4181
28200007339,4182
77170460507,4183
1861,4184
613008735159,4185
786162005335,4186
682500355806,4187
810030518082,4188
608707004804,4189
810116121328,4190
24300017063,4191
28200007926,4192
644018117017,4193
644018116669,4194
815154023405,4195
813694026887,4196
70472170143,4197
850015661150,4198
644018116942,4199
80660957579,4200
18200113154,4201
850025605564,4202
34100576530,4203
18200202872,4204
73100009891,4205
14100048107,4206
77741361578,4207
644018117185,4208
14100049807,4209
34856040514,4210
71990170530,4211
918091,4212
90600000906,4213
79567490029,4214
76183643570,4215
52000058024,4216
80798425995,4217
888109250256,4218
4222,4219
4661,4220
4515,4221
4421,4222
4317,4223
12000007293,4224
5114,4225
4680,4226
757528008932,4227
5094,4228
80798419871,4229
28400734042,4230
4669,4231
4327,4232
4372,4233
42100009644,4234
28400712996,4235
4837,4236
4190,4237
76171220127,4238
608707131739,4239
24300016035,4240
611269002249,4241
28400517034,4242
28400734035,4243
860006192617,4244
16000219489,4245
27200104888,4246
816014295512,4247
810117130343,4248
792554701044,4249
842595135558,4250
76808280982,4251
44700009864,4252
608707009380,4253
813993007266,4254
79927110215,4255
70662095034,4256
83783375534,4257
12000018794,4258
71611936538,4259
608707580773,4260
14100048534,4261
689725000306,4262
896099000034,4263
12000203978,4264
28400737098,4265
16000296176,4266
33544002117,4267
815216016697,4268
306,4269
8421431021,4270
8421373673,4271
30100128779,4272
8421415007,4273
72250008150,4274
76940297060,4275
810117130046,4276
72030022802,4277
707533306219,4278
755547000050,4279
755547013418,4280
849205032139,4281
608707167004,4282
608707124328,4283
632432000046,4284
99900722198,4285
88004042004,4286
88231412045,4287
482990113029,4288
678358990047,4289
78800330504,4290
754527000226,4291
70310001486,4292
37000811169,4293
850032024006,4294
613008751272,4295
27200002382,4296
25600001332,4297
11000004097,4298
608707139544,4299
482990113425,4300
608707139506,4301
613008769376,4302
78000013566,4303
30000578278,4304
42100009163,4305
28400761055,4306
27000419007,4307
913,4308
608707008208,4309
28400047708,4310
80798422123,4311
28400768610,4312
858176002270,4313
644018116904,4314
644018117079,4315
888109254278,4316
644018116713,4317
28400323895,4318
28400738286,4319
11111614246,4320
31700058732,4321
28400147415,4322
4675,4323
78800114708,4324
4455,4325
28400589871,4326
1022,4327
4654,4328
860367000729,4329
71610202856,4330
4664,4331
482990115832,4332
858000006023,4333
88004050283,4334
41167100240,4335
71611936194,4336
12300259132,4337
70137839323,4338
72030022390,4339
648558945284,4340
80798423069,4341
850040427288,4342
74804020359,4343
613008763299,4344
21000615421,4345
88004050306,4346
790280150150,4347
5254,4348
608707580919,4349
714433015622,4350
23634010719,4351
41335082798,4352
51000000118,4353
21000644216,4354
8421363797,4355
4028,4356
4084,4357
64144043224,4358
810105350302,4359
4013,4360
4062,4361
70330646131,4362
850003628516,4363
77817198039,4364
44100106897,4365
613008751210,4366
70137115618,4367
41000002854,4368
80798419826,4369
73100008849,4370
28400732338,4371
25900220808,4372
821555455523,4373
77400127231,4374
482990113036,4375
714433015769,4376
608707025663,4377
613008732288,4378
75767297017,4379
90500000914,4380
723830011922,4381
90500000969,4382
714433015592,4383
44100110566,4384
31700056486,4385
28400755795,4386
841769140220,4387
840262400299,4388
71610203532,4389
24300042430,4390
21000658930,4391
849806005037,4392
72250008174,4393
52300000044,4394
24000163022,4395
7563,4396
28400688765,4397
44100102431,4398
42100012200,4399
608707164249,4400
114,4401
28200332523,4402
28400729062,4403
608707167035,4404
74570610075,4405
72600066649,4406
40917000038,4407
44600322605,4408
851982008290,4409
27200002177,4410
840245600050,4411
70472190141,4412
644018117086,4413
608707006983,4414
14100079477,4415
70472130086,4416
644018117062,4417
644018116874,4418
8421362158,4419
714433015721,4420
87692008194,4421
41262287761,4422
87692012191,4423
42100008982,4424
25900204372,4425
25900240165,4426
812615003709,4427
482990115504,4428
4662,4429
4381,4430
4671,4431
4472,4432
4784,4433
4927,4434
83783535419,4435
28400751469,4436
4174,4437
5209,4438
4967,4439
11210000018,4440
4393,4441
4651,4442
8421373703,4443
8421415144,4444
8421440078,4445
45464928590,4446
613008751364,4447
73010710528,4448
305,4449
181954000022,4450
12300200158,4451
14113913447,4452
736920213687,4453
80798426008,4454
40901022015,4455
70472190004,4456
71990301071,4457
75720445721,4458
28400738255,4459
608707008192,4460
14100089001,4461
31700058404,4462
31700057650,4463
31700058381,4464
31700057377,4465
41570148945,4466
888109250171,4467
663554011009,4468
18000005017,4469
761706180341,4470
812615003723,4471
4292,4472
4376,4473
4657,4474
72890000200,4475
869071000278,4476
714433015226,4477
16000215535,4478
242,4479
684746402542,4480
4078,4481
8421362745,4482
852480007846,4483
8421352500,4484
38000635304,4485
689076720526,4486
18200159831,4487
4384,4488
4264,4489
1031,4490
950,4491
4366,4492
8421373765,4493
80798419789,4494
28400691840,4495
816014022705,4496
24300041655,4497
83967350067,4498
28400209779,4499
94187030967,4500
849205016252,4501
78908222206,4502
644018116843,4503
613008718459,4504
83820123609,4505
70847035107,4506
813694026931,4507
635985801009,4508
18200260612,4509
4647,4510
4205,4511
810030518501,4512
4203,4513
4261,4514
24600010986,4515
21000054961,4516
8421440290,4517
8421412822,4518
8421421831,4519
602652434778,4520
602652434723,4521
8421440023,4522
82000807407,4523
788434107501,4524
5309,4525
4088,4526
608707124311,4527
18200149900,4528
608707124441,4529
8421412174,4530
850031700260,4531
818094005838,4532
25900259006,4533
606905094023,4534
76171271525,4535
70310016534,4536
80798429368,4537
45464300174,4538
18200001154,4539
42238722149,4540
608707008215,4541
761706241127,4542
76171271211,4543
33200011101,4544
888861300992,4545
86106152133,4546
25713921206,4547
608707655358,4548
28400589253,4549
17082015020,4550
80660957210,4551
761706168493,4552
860406002448,4553
814186001504,4554
9800001033,4555
8421362257,4556
8421415113,4557
52300025450,4558
28400260923,4559
28400372183,4560
25900281328,4561
25900281304,4562
94187015209,4563
77170100434,4564
80798419857,4565
4276,4566
4402,4567
5124,4568
4330,4569
4333,4570
4726,4571
4266,4572
4674,4573
4297,4574
4331,4575
4429,4576
4644,4577
41335081692,4578
4887,4579
8421373697,4580
4026,4581
28400775526,4582
181526000047,4583
76840076574,4584
181526000030,4585
28400763677,4586
810078781806,4587
76840102075,4588
80798428415,4589
842595131727,4590
714433016537,4591
22000298379,4592
28400770101,4593
850016944030,4594
28400764629,4595
608707138806,4596
5299,4597
810169600023,4598
22000298416,4599
860406002400,4600
644018117307,4601
644018117338,4602
644018116805,4603
76840002542,4604
608707008369,4605
852823000022,4606
898999030005,4607
896099000089,4608
83783228625,4609
842595136050,4610
5311,4611
482990113890,4612
810607024534,4613
77170260626,4614
70310001691,4615
82000786337,4616
18200967283,4617
4432,4618
4672,4619
850645008363,4620
4655,4621
37000124429,4622
28400769150,4623
5105,4624
4453,4625
4663,4626
28400769112,4627
71610202818,4628
83820123685,4629
611269000979,4630
784259071201,4631
64144047307,4632
754527012205,4633
80798406994,4634
8421363957,4635
70137115403,4636
72510006018,4637
812421030562,4638
18200008849,4639
46500216121,4640
37137019452,4641
850046522178,4642
70310012444,4643
851872006504,4644
28400309448,4645
87692851028,4646
76808280081,4647
28400516440,4648
28400732345,4649
72600066656,4650
78000209402,4651
42100011319,4652
608707164171,4653
644018117093,4654
25900206277,4655
28400737067,4656
4086,4657
4844,4658
714433015745,4659
45464256754,4660
82184226056,4661
8421363902,4662
8421440047,4663
40000446514,4664
12000160103,4665
50400739482,4666
28400730839,4667
4009,4668
90600000388,4669
8421352470,4670
35106057047,4671
44500975895,4672
608707129613,4673
835,4674
4847,4675
850031700253,4676
7078,4677
611269001730,4678
25600083710,4679
849205017907,4680
43000794500,4681
1927,4682
608707622367,4683
73010710511,4684
608707167011,4685
849205030593,4686
644018116829,4687
14100074441,4688
12000183652,4689
30100128724,4690
12000221606,4691
4268,4692
5108,4693
28400517225,4694
4650,4695
608707164256,4696
4670,4697
